Id,FrequÃªncia,Temperatura,Data,FkCpu
1,85.84,48.00,2022-09-08 02:34:19,1
2,47.33,45.00,2022-09-08 02:34:20,1
3,57.86,45.00,2022-09-08 02:34:21,1
4,47.34,45.00,2022-09-08 02:34:22,1
5,47.33,46.00,2022-09-08 02:34:23,1
6,47.33,45.00,2022-09-08 02:34:25,1
7,49.96,46.00,2022-09-08 02:34:26,1
8,47.33,45.00,2022-09-08 02:34:27,1
9,47.33,45.00,2022-09-08 02:34:28,1
10,47.33,45.00,2022-09-08 02:34:29,1
11,57.86,45.00,2022-09-08 02:34:30,1
12,47.33,45.00,2022-09-08 02:34:31,1
13,47.33,45.00,2022-09-08 02:34:33,1
14,47.33,44.00,2022-09-08 02:34:34,1
15,57.86,45.00,2022-09-08 02:34:35,1
17,51.88,47.00,2022-09-08 03:12:19,1
18,51.22,46.00,2022-09-08 03:12:20,1
19,57.65,48.00,2022-09-08 03:12:21,1
20,41.77,46.00,2022-09-08 03:12:23,1
21,47.33,45.00,2022-09-08 03:12:24,1
22,47.33,45.00,2022-09-08 03:12:25,1
23,47.33,45.00,2022-09-08 03:12:26,1
24,55.75,46.00,2022-09-08 03:12:27,1
25,47.33,45.00,2022-09-08 03:12:28,1
26,47.33,45.00,2022-09-08 03:12:30,1
27,49.96,45.00,2022-09-08 03:12:31,1
28,49.96,45.00,2022-09-08 03:12:32,1
29,49.96,46.00,2022-09-08 03:12:33,1
30,61.80,46.00,2022-09-08 03:12:34,1
31,78.81,47.00,2022-09-08 03:12:35,1
32,52.59,48.00,2022-09-08 03:12:37,1
33,57.85,47.00,2022-09-08 03:12:38,1
34,49.92,46.00,2022-09-08 03:12:39,1
35,73.63,47.00,2022-09-08 03:12:40,1
36,65.25,47.00,2022-09-08 03:12:41,1
37,70.75,47.00,2022-09-08 03:12:42,1
38,49.96,45.00,2022-09-08 03:12:43,1
39,70.52,52.00,2022-09-08 03:12:44,1
40,81.47,50.00,2022-09-08 03:12:46,1
41,47.33,46.00,2022-09-08 03:12:47,1
42,62.14,48.00,2022-09-08 03:12:48,1
43,48.64,47.00,2022-09-08 03:12:49,1
44,71.21,47.00,2022-09-08 03:12:50,1
45,72.28,47.00,2022-09-08 03:12:52,1
46,81.39,48.00,2022-09-08 03:12:53,1
47,57.82,48.00,2022-09-08 03:12:54,1
48,57.69,46.00,2022-09-08 03:12:55,1
49,73.58,52.00,2022-09-08 03:12:56,1
50,81.52,48.00,2022-09-08 03:12:57,1
51,77.57,48.00,2022-09-08 03:12:59,1
52,69.62,48.00,2022-09-08 03:13:00,1
53,81.41,52.00,2022-09-08 03:13:01,1
54,84.10,52.00,2022-09-08 03:13:03,1
55,95.88,54.00,2022-09-08 03:13:04,1
56,77.52,51.00,2022-09-08 03:13:05,1
57,73.90,48.00,2022-09-08 03:13:06,1
58,77.52,52.00,2022-09-08 03:13:07,1
59,99.72,51.00,2022-09-08 03:13:08,1
60,54.16,48.00,2022-09-08 03:13:10,1
61,47.33,47.00,2022-09-08 03:13:11,1
62,42.17,47.00,2022-09-08 03:13:12,1
63,47.33,46.00,2022-09-08 03:13:13,1
64,47.33,46.00,2022-09-08 03:13:14,1
65,99.83,51.00,2022-09-08 03:13:15,1
66,61.79,47.00,2022-09-08 03:13:16,1
67,47.33,47.00,2022-09-08 03:13:18,1
68,48.73,47.00,2022-09-08 03:13:19,1
69,60.49,47.00,2022-09-08 03:13:20,1
70,52.80,47.00,2022-09-08 03:13:21,1
71,47.33,47.00,2022-09-08 03:13:22,1
72,47.33,46.00,2022-09-08 03:13:23,1
73,47.33,46.00,2022-09-08 03:13:24,1
74,99.77,54.00,2022-09-08 03:13:25,1
75,70.02,48.00,2022-09-08 03:13:27,1
76,97.26,52.00,2022-09-08 03:13:28,1
77,46.90,47.00,2022-09-08 03:13:29,1
78,47.33,47.00,2022-09-08 03:13:31,1
79,47.33,46.00,2022-09-08 03:13:32,1
80,36.81,47.00,2022-09-08 03:13:33,1
81,47.33,47.00,2022-09-08 03:13:34,1
82,41.95,46.00,2022-09-08 03:13:35,1
83,47.33,46.00,2022-09-08 03:13:36,1
84,49.96,46.00,2022-09-08 03:13:37,1
85,74.89,51.00,2022-09-08 03:13:39,1
86,60.91,47.00,2022-09-08 03:13:40,1
87,49.97,46.00,2022-09-08 03:13:41,1
88,47.33,46.00,2022-09-08 03:13:42,1
89,47.34,46.00,2022-09-08 03:13:43,1
90,76.20,48.00,2022-09-08 03:13:44,1
91,63.10,48.00,2022-09-08 03:13:45,1
92,72.31,50.00,2022-09-08 03:13:47,1
93,60.48,47.00,2022-09-08 03:13:48,1
94,47.29,46.00,2022-09-08 03:13:49,1
95,65.65,48.00,2022-09-08 03:13:50,1
96,47.33,47.00,2022-09-08 03:13:51,1
97,72.31,50.00,2022-09-08 03:13:53,1
98,47.03,47.00,2022-09-08 03:13:54,1
99,47.33,46.00,2022-09-08 03:13:55,1
100,47.33,46.00,2022-09-08 03:13:56,1
101,47.33,46.00,2022-09-08 03:13:57,1
102,63.03,46.00,2022-09-08 03:13:58,1
103,81.53,47.00,2022-09-08 03:14:00,1
104,47.33,46.00,2022-09-08 03:14:01,1
105,44.93,46.00,2022-09-08 03:14:02,1
106,47.33,46.00,2022-09-08 03:14:03,1
107,47.33,46.00,2022-09-08 03:14:05,1
108,76.20,52.00,2022-09-08 03:14:06,1
109,68.21,49.00,2022-09-08 03:14:07,1
110,87.46,48.00,2022-09-08 03:14:08,1
111,67.02,48.00,2022-09-08 03:14:09,1
112,94.32,51.00,2022-09-08 03:14:10,1
113,83.80,50.00,2022-09-08 03:14:12,1
114,39.39,48.00,2022-09-08 03:14:13,1
115,75.43,49.00,2022-09-08 03:14:14,1
116,63.10,50.00,2022-09-08 03:14:15,1
117,77.52,53.00,2022-09-08 03:14:16,1
118,81.46,54.00,2022-09-08 03:14:17,1
119,81.46,54.00,2022-09-08 03:14:18,1
120,73.57,54.00,2022-09-08 03:14:20,1
121,73.57,54.00,2022-09-08 03:14:21,1
122,74.89,55.00,2022-09-08 03:14:22,1
123,73.57,54.00,2022-09-08 03:14:23,1
124,78.85,55.00,2022-09-08 03:14:24,1
125,64.36,54.00,2022-09-08 03:14:25,1
126,78.83,55.00,2022-09-08 03:14:26,1
127,96.09,54.00,2022-09-08 03:14:28,1
128,81.41,55.00,2022-09-08 03:14:29,1
129,77.51,56.00,2022-09-08 03:14:30,1
130,76.20,56.00,2022-09-08 03:14:31,1
131,74.93,52.00,2022-09-08 03:14:33,1
132,80.15,55.00,2022-09-08 03:14:34,1
133,84.10,57.00,2022-09-08 03:14:35,1
134,74.89,55.00,2022-09-08 03:14:36,1
135,99.89,55.00,2022-09-08 03:14:37,1
136,63.05,56.00,2022-09-08 03:14:39,1
137,63.04,58.00,2022-09-08 03:14:40,1
138,73.58,55.00,2022-09-08 03:14:41,1
139,73.57,55.00,2022-09-08 03:14:42,1
140,73.57,55.00,2022-09-08 03:14:43,1
141,73.57,56.00,2022-09-08 03:14:44,1
142,73.58,56.00,2022-09-08 03:14:45,1
143,91.93,56.00,2022-09-08 03:14:47,1
144,74.89,57.00,2022-09-08 03:14:48,1
145,74.89,56.00,2022-09-08 03:14:49,1
146,74.89,56.00,2022-09-08 03:14:50,1
147,73.63,50.00,2022-09-08 03:14:51,1
148,71.01,49.00,2022-09-08 03:14:52,1
149,47.33,49.00,2022-09-08 03:14:53,1
150,42.88,49.00,2022-09-08 03:14:54,1
151,49.96,49.00,2022-09-08 03:14:56,1
152,47.33,49.00,2022-09-08 03:14:57,1
153,47.33,48.00,2022-09-08 03:14:58,1
154,47.33,48.00,2022-09-08 03:14:59,1
155,36.79,48.00,2022-09-08 03:15:00,1
156,60.49,48.00,2022-09-08 03:15:02,1
157,80.53,49.00,2022-09-08 03:15:03,1
158,47.33,48.00,2022-09-08 03:15:04,1
159,55.22,48.00,2022-09-08 03:15:05,1
160,47.33,47.00,2022-09-08 03:15:06,1
161,47.33,47.00,2022-09-08 03:15:07,1
162,55.60,47.00,2022-09-08 03:15:08,1
163,47.33,47.00,2022-09-08 03:15:09,1
164,47.33,47.00,2022-09-08 03:15:11,1
165,58.63,49.00,2022-09-08 03:15:12,1
166,55.30,47.00,2022-09-08 03:15:13,1
167,57.86,47.00,2022-09-08 03:15:14,1
168,57.43,47.00,2022-09-08 03:15:15,1
169,47.33,47.00,2022-09-08 03:15:16,1
170,36.72,47.00,2022-09-08 03:15:18,1
171,47.33,46.00,2022-09-08 03:15:19,1
172,47.33,47.00,2022-09-08 03:15:20,1
173,47.33,46.00,2022-09-08 03:15:21,1
174,47.33,46.00,2022-09-08 03:15:22,1
175,47.33,47.00,2022-09-08 03:15:24,1
176,57.86,46.00,2022-09-08 03:15:25,1
177,71.46,50.00,2022-09-08 03:15:26,1
178,47.33,46.00,2022-09-08 03:15:27,1
179,47.33,46.00,2022-09-08 03:15:28,1
180,57.82,48.00,2022-09-08 03:15:29,1
181,89.42,51.00,2022-09-08 03:15:30,1
182,81.47,53.00,2022-09-08 03:15:32,1
183,47.33,47.00,2022-09-08 03:15:33,1
184,47.33,47.00,2022-09-08 03:15:34,1
185,47.33,47.00,2022-09-08 03:15:35,1
186,52.59,47.00,2022-09-08 03:15:36,1
187,57.86,47.00,2022-09-08 03:15:38,1
188,70.32,47.00,2022-09-08 03:15:39,1
189,49.96,47.00,2022-09-08 03:15:40,1
190,47.33,47.00,2022-09-08 03:15:41,1
191,73.58,51.00,2022-09-08 03:15:42,1
192,81.46,52.00,2022-09-08 03:15:43,1
193,73.58,54.00,2022-09-08 03:15:44,1
194,73.58,55.00,2022-09-08 03:15:46,1
195,73.81,49.00,2022-09-08 03:15:47,1
196,51.28,48.00,2022-09-08 03:15:48,1
197,47.33,46.00,2022-09-08 03:15:49,1
198,63.11,47.00,2022-09-08 03:15:50,1
199,73.57,53.00,2022-09-08 03:15:51,1
200,57.86,47.00,2022-09-08 03:15:52,1
201,57.86,47.00,2022-09-08 03:15:53,1
202,65.73,46.00,2022-09-08 03:15:55,1
203,81.48,49.00,2022-09-08 03:15:56,1
204,82.73,51.00,2022-09-08 03:15:57,1
205,49.97,48.00,2022-09-08 03:15:58,1
206,47.33,46.00,2022-09-08 03:15:59,1
207,57.86,46.00,2022-09-08 03:16:00,1
208,57.86,46.00,2022-09-08 03:16:01,1
209,57.83,46.00,2022-09-08 03:16:03,1
210,47.33,46.00,2022-09-08 03:16:04,1
211,57.86,46.00,2022-09-08 03:16:05,1
212,56.54,46.00,2022-09-08 03:16:06,1
213,47.33,46.00,2022-09-08 03:16:07,1
214,57.86,46.00,2022-09-08 03:16:09,1
215,47.33,46.00,2022-09-08 03:16:10,1
216,47.33,46.00,2022-09-08 03:16:11,1
217,47.33,45.00,2022-09-08 03:16:12,1
218,53.89,45.00,2022-09-08 03:16:13,1
219,57.86,45.00,2022-09-08 03:16:14,1
220,47.33,46.00,2022-09-08 03:16:15,1
221,46.84,46.00,2022-09-08 03:16:17,1
222,48.90,46.00,2022-09-08 03:16:18,1
223,47.33,47.00,2022-09-08 03:16:19,1
224,62.46,48.00,2022-09-08 03:16:20,1
225,47.42,47.00,2022-09-08 03:16:21,1
226,47.33,46.00,2022-09-08 03:16:22,1
227,51.82,48.00,2022-09-08 03:16:23,1
228,47.33,46.00,2022-09-08 03:16:24,1
229,47.33,45.00,2022-09-08 03:16:26,1
230,57.86,45.00,2022-09-08 03:16:27,1
231,47.33,46.00,2022-09-08 03:16:28,1
232,57.86,45.00,2022-09-08 03:16:29,1
233,38.17,47.00,2022-09-08 03:16:30,1
234,47.33,46.00,2022-09-08 03:16:31,1
235,49.96,47.00,2022-09-08 03:16:32,1
236,47.33,46.00,2022-09-08 03:16:33,1
237,49.96,47.00,2022-09-08 03:16:35,1
238,57.86,46.00,2022-09-08 03:16:36,1
239,47.33,46.00,2022-09-08 03:16:37,1
240,57.86,45.00,2022-09-08 03:16:38,1
241,58.83,47.00,2022-09-08 03:16:39,1
242,47.33,46.00,2022-09-08 03:16:40,1
243,57.86,46.00,2022-09-08 03:16:42,1
244,47.33,47.00,2022-09-08 03:16:43,1
245,42.94,48.00,2022-09-08 03:16:44,1
246,41.69,47.00,2022-09-08 03:16:45,1
247,47.33,47.00,2022-09-08 03:16:46,1
248,49.96,47.00,2022-09-08 03:16:47,1
249,57.86,46.00,2022-09-08 03:16:48,1
250,47.29,47.00,2022-09-08 03:16:50,1
251,80.13,50.00,2022-09-08 03:16:51,1
252,70.98,49.00,2022-09-08 03:16:52,1
253,49.96,47.00,2022-09-08 03:16:53,1
254,63.10,50.00,2022-09-08 03:16:54,1
255,99.77,53.00,2022-09-08 03:16:56,1
256,81.82,50.00,2022-09-08 03:16:57,1
257,95.94,53.00,2022-09-08 03:16:59,1
258,86.89,52.00,2022-09-08 03:17:00,1
259,84.18,52.00,2022-09-08 03:17:01,1
260,99.89,54.00,2022-09-08 03:17:02,1
261,62.79,48.00,2022-09-08 03:17:03,1
262,57.86,47.00,2022-09-08 03:17:04,1
263,48.49,49.00,2022-09-08 03:17:05,1
264,89.42,51.00,2022-09-08 03:17:06,1
265,78.89,53.00,2022-09-08 03:17:08,1
266,52.59,50.00,2022-09-08 03:17:09,1
267,47.33,48.00,2022-09-08 03:17:10,1
268,60.51,50.00,2022-09-08 03:17:11,1
269,60.18,49.00,2022-09-08 03:17:12,1
270,63.10,50.00,2022-09-08 03:17:14,1
271,47.45,49.00,2022-09-08 03:17:15,1
272,49.96,49.00,2022-09-08 03:17:16,1
273,47.34,48.00,2022-09-08 03:17:17,1
274,60.49,48.00,2022-09-08 03:17:18,1
275,49.96,49.00,2022-09-08 03:17:19,1
276,47.33,48.00,2022-09-08 03:17:20,1
277,47.33,47.00,2022-09-08 03:17:22,1
278,69.69,50.00,2022-09-08 03:17:23,1
279,47.33,48.00,2022-09-08 03:17:24,1
280,44.71,48.00,2022-09-08 03:17:25,1
281,47.33,48.00,2022-09-08 03:17:26,1
282,57.86,47.00,2022-09-08 03:17:27,1
283,47.33,47.00,2022-09-08 03:17:28,1
284,57.86,47.00,2022-09-08 03:17:29,1
285,47.33,47.00,2022-09-08 03:17:31,1
286,47.33,47.00,2022-09-08 03:17:32,1
287,47.33,48.00,2022-09-08 03:17:33,1
288,59.93,49.00,2022-09-08 03:17:34,1
289,57.86,48.00,2022-09-08 03:17:35,1
290,57.12,47.00,2022-09-08 03:17:36,1
291,99.83,53.00,2022-09-08 03:17:37,1
292,47.29,48.00,2022-09-08 03:17:39,1
293,47.33,47.00,2022-09-08 03:17:40,1
294,73.64,49.00,2022-09-08 03:17:41,1
295,47.33,48.00,2022-09-08 03:17:42,1
296,78.89,51.00,2022-09-08 03:17:43,1
297,47.33,48.00,2022-09-08 03:17:44,1
298,47.33,47.00,2022-09-08 03:17:46,1
299,47.33,48.00,2022-09-08 03:17:47,1
300,47.33,47.00,2022-09-08 03:17:48,1
301,44.70,48.00,2022-09-08 03:17:49,1
302,53.02,48.00,2022-09-08 03:17:50,1
303,47.33,47.00,2022-09-08 03:17:51,1
304,47.33,47.00,2022-09-08 03:17:53,1
305,49.96,47.00,2022-09-08 03:17:54,1
306,49.97,47.00,2022-09-08 03:17:55,1
307,47.33,47.00,2022-09-08 03:17:56,1
308,47.33,47.00,2022-09-08 03:17:57,1
309,47.33,46.00,2022-09-08 03:17:58,1
310,73.57,51.00,2022-09-08 03:17:59,1
311,57.82,47.00,2022-09-08 03:18:00,1
312,71.52,47.00,2022-09-08 03:18:02,1
313,57.86,46.00,2022-09-08 03:18:03,1
314,73.57,54.00,2022-09-08 03:18:04,1
315,91.93,55.00,2022-09-08 03:18:05,1
316,74.89,54.00,2022-09-08 03:18:06,1
317,63.04,53.00,2022-09-08 03:18:07,1
318,62.76,48.00,2022-09-08 03:18:08,1
319,57.86,47.00,2022-09-08 03:18:09,1
320,47.33,47.00,2022-09-08 03:18:11,1
321,40.75,49.00,2022-09-08 03:18:12,1
322,49.96,47.00,2022-09-08 03:18:13,1
323,54.86,47.00,2022-09-08 03:18:14,1
324,60.49,48.00,2022-09-08 03:18:15,1
325,53.75,49.00,2022-09-08 03:18:16,1
326,47.33,47.00,2022-09-08 03:18:17,1
327,57.86,47.00,2022-09-08 03:18:18,1
328,49.96,47.00,2022-09-08 03:18:20,1
329,49.96,48.00,2022-09-08 03:18:21,1
330,47.33,48.00,2022-09-08 03:18:22,1
331,47.33,47.00,2022-09-08 03:18:23,1
332,47.08,47.00,2022-09-08 03:18:24,1
333,47.33,46.00,2022-09-08 03:18:26,1
334,57.86,46.00,2022-09-08 03:18:27,1
335,49.96,47.00,2022-09-08 03:18:28,1
336,47.33,47.00,2022-09-08 03:18:29,1
337,57.86,46.00,2022-09-08 03:18:30,1
338,47.33,46.00,2022-09-08 03:18:31,1
339,57.86,46.00,2022-09-08 03:18:32,1
340,47.09,46.00,2022-09-08 03:18:34,1
341,52.74,46.00,2022-09-08 03:18:35,1
342,47.04,46.00,2022-09-08 03:18:36,1
343,57.86,46.00,2022-09-08 03:18:37,1
344,47.33,46.00,2022-09-08 03:18:38,1
345,44.45,46.00,2022-09-08 03:18:39,1
346,52.59,47.00,2022-09-08 03:18:40,1
347,57.86,46.00,2022-09-08 03:18:42,1
348,65.48,46.00,2022-09-08 03:18:43,1
349,57.86,46.00,2022-09-08 03:18:44,1
350,57.83,46.00,2022-09-08 03:18:45,1
351,48.61,46.00,2022-09-08 03:18:46,1
352,57.86,46.00,2022-09-08 03:18:47,1
353,57.86,45.00,2022-09-08 03:18:48,1
354,47.49,46.00,2022-09-08 03:18:50,1
355,47.33,45.00,2022-09-08 03:18:51,1
356,49.96,46.00,2022-09-08 03:18:52,1
357,49.96,45.00,2022-09-08 03:18:53,1
358,47.33,45.00,2022-09-08 03:18:54,1
359,57.86,45.00,2022-09-08 03:18:55,1
360,47.19,45.00,2022-09-08 03:18:56,1
361,47.33,45.00,2022-09-08 03:18:58,1
362,60.50,45.00,2022-09-08 03:18:59,1
363,47.33,45.00,2022-09-08 03:19:00,1
364,47.33,45.00,2022-09-08 03:19:01,1
365,57.86,45.00,2022-09-08 03:19:02,1
366,61.76,45.00,2022-09-08 03:19:03,1
367,57.86,45.00,2022-09-08 03:19:04,1
368,60.49,46.00,2022-09-08 03:19:05,1
369,36.80,45.00,2022-09-08 03:19:07,1
370,57.86,45.00,2022-09-08 03:19:08,1
371,48.65,45.00,2022-09-08 03:19:09,1
372,47.33,45.00,2022-09-08 03:19:10,1
373,49.97,45.00,2022-09-08 03:19:11,1
374,47.33,44.00,2022-09-08 03:19:12,1
375,57.86,45.00,2022-09-08 03:19:14,1
376,47.33,44.00,2022-09-08 03:19:15,1
377,47.13,44.00,2022-09-08 03:19:16,1
378,47.33,44.00,2022-09-08 03:19:17,1
379,57.86,44.00,2022-09-08 03:19:18,1
380,57.86,44.00,2022-09-08 03:19:19,1
381,57.86,44.00,2022-09-08 03:19:20,1
382,57.86,44.00,2022-09-08 03:19:22,1
383,57.86,44.00,2022-09-08 03:19:23,1
384,47.33,44.00,2022-09-08 03:19:24,1
385,57.86,44.00,2022-09-08 03:19:25,1
386,47.33,44.00,2022-09-08 03:19:26,1
387,47.33,44.00,2022-09-08 03:19:27,1
388,47.33,44.00,2022-09-08 03:19:28,1
389,47.33,44.00,2022-09-08 03:19:29,1
390,47.33,44.00,2022-09-08 03:19:30,1
391,57.86,44.00,2022-09-08 03:19:32,1
392,57.86,44.00,2022-09-08 03:19:33,1
393,47.33,44.00,2022-09-08 03:19:34,1
394,47.33,44.00,2022-09-08 03:19:35,1
395,57.86,44.00,2022-09-08 03:19:36,1
396,47.33,44.00,2022-09-08 03:19:37,1
397,57.86,44.00,2022-09-08 03:19:38,1
398,57.86,44.00,2022-09-08 03:19:40,1
399,57.86,44.00,2022-09-08 03:19:41,1
400,47.33,44.00,2022-09-08 03:19:42,1
401,57.86,44.00,2022-09-08 03:19:43,1
402,68.38,44.00,2022-09-08 03:19:44,1
403,49.97,44.00,2022-09-08 03:19:45,1
404,47.33,44.00,2022-09-08 03:19:46,1
405,47.33,44.00,2022-09-08 03:19:47,1
406,47.33,44.00,2022-09-08 03:19:49,1
407,49.96,44.00,2022-09-08 03:19:50,1
408,49.96,44.00,2022-09-08 03:19:51,1
409,47.34,44.00,2022-09-08 03:19:52,1
410,52.59,44.00,2022-09-08 03:19:53,1
411,47.43,44.00,2022-09-08 03:19:54,1
412,47.44,44.00,2022-09-08 03:19:55,1
413,60.49,44.00,2022-09-08 03:19:57,1
414,47.33,44.00,2022-09-08 03:19:58,1
415,47.33,44.00,2022-09-08 03:19:59,1
416,57.86,44.00,2022-09-08 03:20:00,1
417,47.33,44.00,2022-09-08 03:20:01,1
418,49.96,44.00,2022-09-08 03:20:02,1
419,57.86,44.00,2022-09-08 03:20:04,1
420,47.33,44.00,2022-09-08 03:20:05,1
421,47.33,44.00,2022-09-08 03:20:06,1
422,47.33,44.00,2022-09-08 03:20:07,1
423,47.33,44.00,2022-09-08 03:20:08,1
424,57.86,43.00,2022-09-08 03:20:09,1
425,57.86,44.00,2022-09-08 03:20:11,1
426,62.37,44.00,2022-09-08 03:20:12,1
427,48.27,43.00,2022-09-08 03:20:13,1
428,47.33,43.00,2022-09-08 03:20:14,1
429,57.86,44.00,2022-09-08 03:20:15,1
430,46.94,44.00,2022-09-08 03:20:16,1
431,46.98,43.00,2022-09-08 03:20:17,1
432,47.33,43.00,2022-09-08 03:20:19,1
433,47.33,44.00,2022-09-08 03:20:20,1
434,57.86,44.00,2022-09-08 03:20:21,1
435,57.86,44.00,2022-09-08 03:20:22,1
436,57.86,44.00,2022-09-08 03:20:23,1
437,47.33,43.00,2022-09-08 03:20:24,1
438,57.86,43.00,2022-09-08 03:20:25,1
439,60.49,45.00,2022-09-08 03:20:27,1
440,47.34,44.00,2022-09-08 03:20:28,1
441,47.33,44.00,2022-09-08 03:20:29,1
442,47.33,44.00,2022-09-08 03:20:30,1
443,47.33,45.00,2022-09-08 03:20:31,1
444,57.86,44.00,2022-09-08 03:20:32,1
445,54.69,45.00,2022-09-08 03:20:33,1
446,53.26,44.00,2022-09-08 03:20:35,1
447,42.44,44.00,2022-09-08 03:20:36,1
448,44.53,45.00,2022-09-08 03:20:37,1
449,47.33,45.00,2022-09-08 03:20:38,1
450,51.01,44.00,2022-09-08 03:20:39,1
451,47.33,44.00,2022-09-08 03:20:40,1
452,43.96,44.00,2022-09-08 03:20:41,1
453,57.86,44.00,2022-09-08 03:20:43,1
454,57.86,45.00,2022-09-08 03:20:44,1
455,47.33,44.00,2022-09-08 03:20:45,1
456,47.33,44.00,2022-09-08 03:20:46,1
457,47.33,44.00,2022-09-08 03:20:47,1
458,44.15,44.00,2022-09-08 03:20:48,1
459,52.59,44.00,2022-09-08 03:20:50,1
460,46.92,44.00,2022-09-08 03:20:51,1
461,62.62,45.00,2022-09-08 03:20:52,1
462,61.94,46.00,2022-09-08 03:20:54,1
463,60.48,46.00,2022-09-08 03:20:55,1
464,62.12,46.00,2022-09-08 03:20:56,1
465,90.68,48.00,2022-09-08 03:20:57,1
466,57.84,47.00,2022-09-08 03:20:58,1
467,77.54,46.00,2022-09-08 03:20:59,1
468,67.05,47.00,2022-09-08 03:21:00,1
469,45.93,46.00,2022-09-08 03:21:02,1
470,48.69,46.00,2022-09-08 03:21:03,1
471,59.17,47.00,2022-09-08 03:21:04,1
472,42.02,46.00,2022-09-08 03:21:05,1
473,65.52,46.00,2022-09-08 03:21:06,1
474,47.33,46.00,2022-09-08 03:21:07,1
475,74.28,47.00,2022-09-08 03:21:08,1
476,47.33,45.00,2022-09-08 03:21:09,1
477,60.50,45.00,2022-09-08 03:21:11,1
478,57.86,45.00,2022-09-08 03:21:12,1
479,47.33,46.00,2022-09-08 03:21:13,1
480,56.65,46.00,2022-09-08 03:21:14,1
481,45.31,46.00,2022-09-08 03:21:15,1
482,49.96,45.00,2022-09-08 03:21:16,1
483,47.33,46.00,2022-09-08 03:21:17,1
484,47.82,46.00,2022-09-08 03:21:18,1
485,44.60,46.00,2022-09-08 03:21:20,1
486,47.29,45.00,2022-09-08 03:21:21,1
487,45.63,46.00,2022-09-08 03:21:22,1
488,47.33,45.00,2022-09-08 03:21:23,1
489,47.33,46.00,2022-09-08 03:21:24,1
490,47.33,45.00,2022-09-08 03:21:25,1
491,47.18,45.00,2022-09-08 03:21:26,1
492,47.34,45.00,2022-09-08 03:21:28,1
493,47.33,45.00,2022-09-08 03:21:29,1
494,47.29,45.00,2022-09-08 03:21:30,1
495,47.33,45.00,2022-09-08 03:21:31,1
496,47.33,45.00,2022-09-08 03:21:32,1
497,42.88,45.00,2022-09-08 03:21:33,1
498,36.73,45.00,2022-09-08 03:21:34,1
499,42.50,45.00,2022-09-08 03:21:35,1
500,47.33,45.00,2022-09-08 03:21:37,1
501,37.78,45.00,2022-09-08 03:21:38,1
502,60.48,44.00,2022-09-08 03:21:39,1
503,47.33,45.00,2022-09-08 03:21:40,1
504,49.96,44.00,2022-09-08 03:21:41,1
505,66.23,45.00,2022-09-08 03:21:42,1
506,50.44,45.00,2022-09-08 03:21:43,1
507,47.33,45.00,2022-09-08 03:21:45,1
508,47.07,44.00,2022-09-08 03:21:46,1
509,47.33,45.00,2022-09-08 03:21:47,1
510,47.30,45.00,2022-09-08 03:21:48,1
511,47.33,45.00,2022-09-08 03:21:49,1
512,43.29,45.00,2022-09-08 03:21:50,1
513,49.96,45.00,2022-09-08 03:21:51,1
514,47.33,44.00,2022-09-08 03:21:53,1
515,47.33,44.00,2022-09-08 03:21:54,1
516,47.33,45.00,2022-09-08 03:21:55,1
517,49.96,45.00,2022-09-08 03:21:56,1
518,47.33,44.00,2022-09-08 03:21:57,1
519,47.33,45.00,2022-09-08 03:21:59,1
520,47.33,45.00,2022-09-08 03:22:00,1
521,47.33,45.00,2022-09-08 03:22:01,1
522,47.33,44.00,2022-09-08 03:22:02,1
523,47.34,45.00,2022-09-08 03:22:03,1
524,47.33,44.00,2022-09-08 03:22:04,1
525,47.33,44.00,2022-09-08 03:22:05,1
526,47.33,44.00,2022-09-08 03:22:07,1
527,57.86,45.00,2022-09-08 03:22:08,1
528,47.33,44.00,2022-09-08 03:22:09,1
529,47.56,45.00,2022-09-08 03:22:10,1
530,47.33,45.00,2022-09-08 03:22:11,1
531,47.33,45.00,2022-09-08 03:22:12,1
532,64.38,48.00,2022-09-08 03:22:13,1
533,47.33,45.00,2022-09-08 03:22:15,1
534,47.33,44.00,2022-09-08 03:22:16,1
535,54.18,45.00,2022-09-08 03:22:17,1
536,47.33,44.00,2022-09-08 03:22:18,1
537,47.33,44.00,2022-09-08 03:22:19,1
538,57.86,45.00,2022-09-08 03:22:20,1
539,37.66,44.00,2022-09-08 03:22:22,1
540,44.10,44.00,2022-09-08 03:22:23,1
541,47.33,44.00,2022-09-08 03:22:24,1
542,47.33,44.00,2022-09-08 03:22:25,1
543,42.61,44.00,2022-09-08 03:22:26,1
544,65.67,45.00,2022-09-08 03:22:27,1
545,49.97,45.00,2022-09-08 03:22:28,1
546,47.33,44.00,2022-09-08 03:22:29,1
547,48.63,45.00,2022-09-08 03:22:30,1
548,47.34,44.00,2022-09-08 03:22:32,1
549,47.33,44.00,2022-09-08 03:22:33,1
550,47.33,44.00,2022-09-08 03:22:34,1
551,47.34,44.00,2022-09-08 03:22:35,1
552,47.33,44.00,2022-09-08 03:22:36,1
553,43.87,44.00,2022-09-08 03:22:37,1
554,47.10,44.00,2022-09-08 03:22:38,1
555,47.33,44.00,2022-09-08 03:22:40,1
556,47.34,44.00,2022-09-08 03:22:41,1
557,47.33,44.00,2022-09-08 03:22:42,1
558,52.59,44.00,2022-09-08 03:22:43,1
559,47.33,44.00,2022-09-08 03:22:44,1
560,48.65,45.00,2022-09-08 03:22:45,1
561,43.68,44.00,2022-09-08 03:22:46,1
562,57.86,44.00,2022-09-08 03:22:48,1
563,47.33,44.00,2022-09-08 03:22:49,1
564,43.70,44.00,2022-09-08 03:22:50,1
565,47.33,44.00,2022-09-08 03:22:51,1
566,47.33,44.00,2022-09-08 03:22:52,1
567,47.34,44.00,2022-09-08 03:22:53,1
568,47.33,44.00,2022-09-08 03:22:54,1
569,47.34,44.00,2022-09-08 03:22:56,1
570,47.33,44.00,2022-09-08 03:22:57,1
571,46.96,44.00,2022-09-08 03:22:58,1
572,49.92,45.00,2022-09-08 03:22:59,1
573,47.33,44.00,2022-09-08 03:23:01,1
574,57.86,44.00,2022-09-08 03:23:02,1
575,49.96,44.00,2022-09-08 03:23:03,1
576,72.29,44.00,2022-09-08 03:23:04,1
577,48.65,44.00,2022-09-08 03:23:05,1
578,49.96,44.00,2022-09-08 03:23:06,1
579,45.82,44.00,2022-09-08 03:23:08,1
580,47.33,44.00,2022-09-08 03:23:09,1
581,47.33,44.00,2022-09-08 03:23:10,1
582,47.34,44.00,2022-09-08 03:23:11,1
583,47.33,44.00,2022-09-08 03:23:12,1
584,34.73,44.00,2022-09-08 03:23:13,1
585,59.59,45.00,2022-09-08 03:23:14,1
586,33.99,44.00,2022-09-08 03:23:15,1
587,71.43,45.00,2022-09-08 03:23:16,1
588,48.65,44.00,2022-09-08 03:23:18,1
589,57.82,44.00,2022-09-08 03:23:19,1
590,44.58,43.00,2022-09-08 03:23:20,1
591,57.86,45.00,2022-09-08 03:23:21,1
592,46.13,44.00,2022-09-08 03:23:22,1
593,52.59,44.00,2022-09-08 03:23:23,1
594,49.97,44.00,2022-09-08 03:23:25,1
595,43.37,44.00,2022-09-08 03:23:26,1
596,55.06,44.00,2022-09-08 03:23:27,1
597,47.26,44.00,2022-09-08 03:23:28,1
598,47.57,44.00,2022-09-08 03:23:29,1
599,47.07,44.00,2022-09-08 03:23:30,1
600,57.86,44.00,2022-09-08 03:23:31,1
601,47.33,44.00,2022-09-08 03:23:32,1
602,47.33,44.00,2022-09-08 03:23:34,1
603,47.34,44.00,2022-09-08 03:23:35,1
604,47.33,44.00,2022-09-08 03:23:36,1
605,47.33,44.00,2022-09-08 03:23:37,1
606,49.96,44.00,2022-09-08 03:23:38,1
607,57.82,45.00,2022-09-08 03:23:39,1
608,60.49,45.00,2022-09-08 03:23:40,1
609,47.33,45.00,2022-09-08 03:23:41,1
610,47.33,44.00,2022-09-08 03:23:43,1
611,46.17,44.00,2022-09-08 03:23:44,1
612,60.50,45.00,2022-09-08 03:23:45,1
613,36.80,44.00,2022-09-08 03:23:46,1
614,52.59,44.00,2022-09-08 03:23:47,1
615,74.35,46.00,2022-09-08 03:23:48,1
616,57.86,45.00,2022-09-08 03:23:49,1
617,61.06,44.00,2022-09-08 03:23:51,1
618,49.96,44.00,2022-09-08 03:23:52,1
619,63.12,45.00,2022-09-08 03:23:53,1
620,62.83,44.00,2022-09-08 03:23:54,1
621,47.33,45.00,2022-09-08 03:23:55,1
622,60.50,45.00,2022-09-08 03:23:56,1
623,48.65,44.00,2022-09-08 03:23:57,1
624,72.29,44.00,2022-09-08 03:23:58,1
625,40.63,45.00,2022-09-08 03:24:00,1
626,49.96,44.00,2022-09-08 03:24:01,1
627,57.86,44.00,2022-09-08 03:24:02,1
628,47.33,44.00,2022-09-08 03:24:03,1
629,39.43,44.00,2022-09-08 03:24:04,1
630,33.83,44.00,2022-09-08 03:24:05,1
631,61.80,45.00,2022-09-08 03:24:07,1
632,47.33,44.00,2022-09-08 03:24:08,1
633,57.86,44.00,2022-09-08 03:24:09,1
634,47.29,44.00,2022-09-08 03:24:10,1
635,47.34,44.00,2022-09-08 03:24:11,1
636,42.78,44.00,2022-09-08 03:24:12,1
637,57.82,44.00,2022-09-08 03:24:13,1
638,54.41,44.00,2022-09-08 03:24:15,1
639,47.33,44.00,2022-09-08 03:24:16,1
640,63.11,45.00,2022-09-08 03:24:17,1
641,47.33,44.00,2022-09-08 03:24:18,1
642,47.33,43.00,2022-09-08 03:24:19,1
643,47.33,44.00,2022-09-08 03:24:21,1
644,47.33,44.00,2022-09-08 03:24:22,1
645,47.33,44.00,2022-09-08 03:24:23,1
646,47.33,44.00,2022-09-08 03:24:24,1
647,55.22,44.00,2022-09-08 03:24:25,1
648,47.33,44.00,2022-09-08 03:24:26,1
649,47.14,44.00,2022-09-08 03:24:27,1
650,52.91,44.00,2022-09-08 03:24:28,1
651,47.33,44.00,2022-09-08 03:24:30,1
652,63.07,47.00,2022-09-08 03:24:31,1
653,99.94,49.00,2022-09-08 03:24:32,1
654,37.47,45.00,2022-09-08 03:24:33,1
655,56.68,47.00,2022-09-08 03:24:34,1
656,49.96,45.00,2022-09-08 03:24:35,1
657,47.33,44.00,2022-09-08 03:24:36,1
658,47.33,45.00,2022-09-08 03:24:38,1
659,47.33,44.00,2022-09-08 03:24:39,1
660,44.05,45.00,2022-09-08 03:24:40,1
661,63.11,45.00,2022-09-08 03:24:41,1
662,47.34,44.00,2022-09-08 03:24:42,1
663,52.39,45.00,2022-09-08 03:24:43,1
664,47.33,44.00,2022-09-08 03:24:45,1
665,60.49,44.00,2022-09-08 03:24:46,1
666,65.64,45.00,2022-09-08 03:24:47,1
667,47.33,45.00,2022-09-08 03:24:48,1
668,47.33,44.00,2022-09-08 03:24:49,1
669,57.86,44.00,2022-09-08 03:24:50,1
670,47.14,44.00,2022-09-08 03:24:52,1
671,34.63,44.00,2022-09-08 03:24:53,1
672,57.76,44.00,2022-09-08 03:24:54,1
673,47.18,44.00,2022-09-08 03:24:55,1
674,42.44,44.00,2022-09-08 03:24:56,1
675,47.33,44.00,2022-09-08 03:24:57,1
676,47.33,44.00,2022-09-08 03:24:58,1
677,52.51,45.00,2022-09-08 03:25:00,1
678,57.86,45.00,2022-09-08 03:25:01,1
679,47.33,44.00,2022-09-08 03:25:02,1
680,57.86,44.00,2022-09-08 03:25:03,1
681,47.33,44.00,2022-09-08 03:25:04,1
682,44.90,44.00,2022-09-08 03:25:05,1
683,47.33,44.00,2022-09-08 03:25:06,1
684,57.82,45.00,2022-09-08 03:25:08,1
685,67.06,44.00,2022-09-08 03:25:09,1
686,44.88,43.00,2022-09-08 03:25:10,1
687,47.33,44.00,2022-09-08 03:25:11,1
688,57.86,44.00,2022-09-08 03:25:12,1
689,73.64,44.00,2022-09-08 03:25:13,1
690,47.33,44.00,2022-09-08 03:25:14,1
691,47.33,43.00,2022-09-08 03:25:15,1
692,42.22,44.00,2022-09-08 03:25:17,1
693,46.14,43.00,2022-09-08 03:25:18,1
694,47.33,43.00,2022-09-08 03:25:19,1
695,57.86,43.00,2022-09-08 03:25:20,1
696,47.33,44.00,2022-09-08 03:25:21,1
697,57.86,43.00,2022-09-08 03:25:22,1
698,57.86,44.00,2022-09-08 03:25:24,1
699,47.33,43.00,2022-09-08 03:25:25,1
700,46.57,43.00,2022-09-08 03:25:26,1
701,57.86,43.00,2022-09-08 03:25:27,1
702,47.33,43.00,2022-09-08 03:25:28,1
703,47.33,43.00,2022-09-08 03:25:29,1
704,47.33,43.00,2022-09-08 03:25:30,1
705,68.38,43.00,2022-09-08 03:25:31,1
706,57.86,43.00,2022-09-08 03:25:33,1
707,47.33,43.00,2022-09-08 03:25:34,1
708,47.33,43.00,2022-09-08 03:25:35,1
709,52.93,43.00,2022-09-08 03:25:36,1
710,57.86,44.00,2022-09-08 03:25:37,1
711,60.49,43.00,2022-09-08 03:25:38,1
712,60.49,44.00,2022-09-08 03:25:40,1
713,55.22,44.00,2022-09-08 03:25:41,1
714,47.33,44.00,2022-09-08 03:25:42,1
715,47.33,44.00,2022-09-08 03:25:43,1
716,57.86,44.00,2022-09-08 03:25:44,1
717,65.26,43.00,2022-09-08 03:25:45,1
718,47.29,44.00,2022-09-08 03:25:46,1
719,57.86,43.00,2022-09-08 03:25:47,1
720,47.33,43.00,2022-09-08 03:25:49,1
721,57.86,43.00,2022-09-08 03:25:50,1
722,54.79,43.00,2022-09-08 03:25:51,1
723,57.86,44.00,2022-09-08 03:25:52,1
724,49.97,43.00,2022-09-08 03:25:53,1
725,47.33,43.00,2022-09-08 03:25:54,1
726,47.33,43.00,2022-09-08 03:25:56,1
727,47.33,43.00,2022-09-08 03:25:57,1
728,57.86,43.00,2022-09-08 03:25:58,1
729,57.86,43.00,2022-09-08 03:25:59,1
730,57.86,43.00,2022-09-08 03:26:00,1
731,47.33,43.00,2022-09-08 03:26:01,1
732,57.86,43.00,2022-09-08 03:26:02,1
733,47.33,43.00,2022-09-08 03:26:04,1
734,57.86,43.00,2022-09-08 03:26:05,1
735,53.00,43.00,2022-09-08 03:26:06,1
736,57.86,43.00,2022-09-08 03:26:07,1
737,57.86,42.00,2022-09-08 03:26:08,1
738,47.33,43.00,2022-09-08 03:26:09,1
739,57.86,43.00,2022-09-08 03:26:10,1
740,49.97,43.00,2022-09-08 03:26:11,1
741,47.33,42.00,2022-09-08 03:26:13,1
742,46.55,43.00,2022-09-08 03:26:14,1
743,57.86,43.00,2022-09-08 03:26:15,1
744,54.38,42.00,2022-09-08 03:26:16,1
745,57.86,43.00,2022-09-08 03:26:17,1
746,57.86,43.00,2022-09-08 03:26:18,1
747,47.33,43.00,2022-09-08 03:26:19,1
748,57.86,43.00,2022-09-08 03:26:21,1
749,57.86,43.00,2022-09-08 03:26:22,1
750,47.33,43.00,2022-09-08 03:26:23,1
751,57.86,43.00,2022-09-08 03:26:24,1
752,63.94,43.00,2022-09-08 03:26:25,1
753,57.86,43.00,2022-09-08 03:26:26,1
754,47.33,43.00,2022-09-08 03:26:27,1
755,47.33,43.00,2022-09-08 03:26:29,1
756,47.33,43.00,2022-09-08 03:26:30,1
757,47.33,43.00,2022-09-08 03:26:31,1
758,47.33,43.00,2022-09-08 03:26:32,1
759,47.33,43.00,2022-09-08 03:26:33,1
760,47.33,43.00,2022-09-08 03:26:34,1
761,47.33,43.00,2022-09-08 03:26:36,1
762,47.33,43.00,2022-09-08 03:26:37,1
763,62.89,43.00,2022-09-08 03:26:38,1
764,57.86,43.00,2022-09-08 03:26:39,1
765,53.00,43.00,2022-09-08 03:26:40,1
766,57.86,43.00,2022-09-08 03:26:41,1
767,47.33,43.00,2022-09-08 03:26:42,1
768,57.86,43.00,2022-09-08 03:26:43,1
769,57.86,43.00,2022-09-08 03:26:45,1
770,47.33,43.00,2022-09-08 03:26:46,1
771,57.86,43.00,2022-09-08 03:26:47,1
772,57.86,43.00,2022-09-08 03:26:48,1
773,57.86,43.00,2022-09-08 03:26:49,1
774,47.33,43.00,2022-09-08 03:26:50,1
775,33.00,44.00,2022-09-08 03:26:51,1
776,61.65,44.00,2022-09-08 03:26:53,1
777,49.96,44.00,2022-09-08 03:26:54,1
778,57.86,43.00,2022-09-08 03:26:55,1
779,57.86,43.00,2022-09-08 03:26:56,1
780,57.86,43.00,2022-09-08 03:26:57,1
781,57.86,44.00,2022-09-08 03:26:58,1
782,47.33,44.00,2022-09-08 03:26:59,1
783,57.86,43.00,2022-09-08 03:27:00,1
784,49.97,44.00,2022-09-08 03:27:01,1
785,57.86,43.00,2022-09-08 03:27:03,1
786,57.86,43.00,2022-09-08 03:27:04,1
787,47.33,44.00,2022-09-08 03:27:05,1
788,47.33,44.00,2022-09-08 03:27:06,1
789,54.52,44.00,2022-09-08 03:27:07,1
790,47.33,44.00,2022-09-08 03:27:09,1
791,57.86,44.00,2022-09-08 03:27:10,1
792,47.33,44.00,2022-09-08 03:27:11,1
793,47.33,43.00,2022-09-08 03:27:12,1
794,47.33,43.00,2022-09-08 03:27:13,1
795,51.28,44.00,2022-09-08 03:27:14,1
796,47.33,44.00,2022-09-08 03:27:15,1
797,47.33,44.00,2022-09-08 03:27:16,1
798,47.33,44.00,2022-09-08 03:27:18,1
799,47.33,44.00,2022-09-08 03:27:19,1
800,47.33,44.00,2022-09-08 03:27:20,1
801,47.33,44.00,2022-09-08 03:27:21,1
802,57.86,44.00,2022-09-08 03:27:22,1
803,67.06,44.00,2022-09-08 03:27:23,1
804,68.38,44.00,2022-09-08 03:27:24,1
805,47.33,44.00,2022-09-08 03:27:26,1
806,47.33,44.00,2022-09-08 03:27:27,1
807,47.33,44.00,2022-09-08 03:27:28,1
808,47.33,44.00,2022-09-08 03:27:29,1
809,47.33,44.00,2022-09-08 03:27:30,1
810,47.33,44.00,2022-09-08 03:27:31,1
811,47.29,44.00,2022-09-08 03:27:32,1
812,57.86,44.00,2022-09-08 03:27:34,1
813,57.86,44.00,2022-09-08 03:27:35,1
814,57.86,44.00,2022-09-08 03:27:36,1
815,57.86,44.00,2022-09-08 03:27:37,1
816,47.33,44.00,2022-09-08 03:27:38,1
817,49.96,44.00,2022-09-08 03:27:39,1
818,47.33,44.00,2022-09-08 03:27:40,1
819,48.66,44.00,2022-09-08 03:27:41,1
820,57.86,44.00,2022-09-08 03:27:43,1
821,57.86,44.00,2022-09-08 03:27:44,1
822,57.86,44.00,2022-09-08 03:27:45,1
823,49.97,44.00,2022-09-08 03:27:46,1
824,47.33,44.00,2022-09-08 03:27:47,1
825,47.33,44.00,2022-09-08 03:27:48,1
826,47.33,44.00,2022-09-08 03:27:50,1
827,57.86,44.00,2022-09-08 03:27:51,1
828,57.86,44.00,2022-09-08 03:27:52,1
829,47.33,44.00,2022-09-08 03:27:53,1
830,47.33,44.00,2022-09-08 03:27:54,1
831,47.34,44.00,2022-09-08 03:27:55,1
832,47.33,44.00,2022-09-08 03:27:56,1
833,57.86,44.00,2022-09-08 03:27:57,1
834,57.86,44.00,2022-09-08 03:27:59,1
835,47.33,44.00,2022-09-08 03:28:00,1
836,47.33,44.00,2022-09-08 03:28:01,1
837,47.33,44.00,2022-09-08 03:28:02,1
838,47.33,44.00,2022-09-08 03:28:03,1
839,47.33,44.00,2022-09-08 03:28:04,1
840,48.65,44.00,2022-09-08 03:28:05,1
841,64.05,44.00,2022-09-08 03:28:06,1
842,47.33,44.00,2022-09-08 03:28:08,1
843,47.33,44.00,2022-09-08 03:28:09,1
844,47.33,44.00,2022-09-08 03:28:10,1
845,47.21,44.00,2022-09-08 03:28:11,1
846,47.33,44.00,2022-09-08 03:28:12,1
847,47.33,44.00,2022-09-08 03:28:13,1
848,47.33,44.00,2022-09-08 03:28:14,1
849,47.33,44.00,2022-09-08 03:28:16,1
850,47.33,44.00,2022-09-08 03:28:17,1
851,60.46,46.00,2022-09-08 03:28:18,1
852,57.86,45.00,2022-09-08 03:28:19,1
853,47.33,45.00,2022-09-08 03:28:20,1
854,47.33,44.00,2022-09-08 03:28:21,1
855,57.75,44.00,2022-09-08 03:28:23,1
856,47.33,44.00,2022-09-08 03:28:24,1
857,47.33,45.00,2022-09-08 03:28:25,1
858,47.33,44.00,2022-09-08 03:28:26,1
859,47.33,44.00,2022-09-08 03:28:27,1
860,47.33,44.00,2022-09-08 03:28:28,1
861,47.33,44.00,2022-09-08 03:28:30,1
862,47.33,44.00,2022-09-08 03:28:31,1
863,47.33,44.00,2022-09-08 03:28:32,1
864,57.86,44.00,2022-09-08 03:28:33,1
865,68.38,44.00,2022-09-08 03:28:34,1
866,47.33,44.00,2022-09-08 03:28:35,1
867,57.86,44.00,2022-09-08 03:28:36,1
868,47.33,45.00,2022-09-08 03:28:37,1
869,57.86,44.00,2022-09-08 03:28:39,1
870,47.95,45.00,2022-09-08 03:28:40,1
871,47.33,44.00,2022-09-08 03:28:41,1
872,57.86,44.00,2022-09-08 03:28:42,1
873,47.33,44.00,2022-09-08 03:28:43,1
874,47.33,44.00,2022-09-08 03:28:44,1
875,57.86,44.00,2022-09-08 03:28:45,1
876,47.33,44.00,2022-09-08 03:28:47,1
877,57.86,44.00,2022-09-08 03:28:48,1
878,57.10,44.00,2022-09-08 03:28:49,1
879,47.33,44.00,2022-09-08 03:28:50,1
880,48.64,44.00,2022-09-08 03:28:52,1
881,57.86,45.00,2022-09-08 03:28:53,1
882,57.86,44.00,2022-09-08 03:28:54,1
883,47.33,45.00,2022-09-08 03:28:55,1
884,47.33,45.00,2022-09-08 03:28:56,1
885,57.86,44.00,2022-09-08 03:28:57,1
886,47.33,44.00,2022-09-08 03:28:58,1
887,47.33,44.00,2022-09-08 03:29:00,1
888,47.33,44.00,2022-09-08 03:29:01,1
889,47.33,45.00,2022-09-08 03:29:02,1
890,49.97,45.00,2022-09-08 03:29:03,1
891,42.57,44.00,2022-09-08 03:29:04,1
892,47.33,45.00,2022-09-08 03:29:05,1
893,57.86,44.00,2022-09-08 03:29:06,1
894,57.86,44.00,2022-09-08 03:29:08,1
895,63.30,45.00,2022-09-08 03:29:09,1
896,47.33,44.00,2022-09-08 03:29:10,1
897,43.37,44.00,2022-09-08 03:29:11,1
898,57.82,45.00,2022-09-08 03:29:12,1
899,47.33,45.00,2022-09-08 03:29:13,1
900,47.33,45.00,2022-09-08 03:29:14,1
901,57.87,45.00,2022-09-08 03:29:15,1
902,47.33,45.00,2022-09-08 03:29:17,1
903,47.33,45.00,2022-09-08 03:29:18,1
904,47.33,45.00,2022-09-08 03:29:19,1
905,54.38,44.00,2022-09-08 03:29:20,1
906,47.33,45.00,2022-09-08 03:29:21,1
907,57.86,45.00,2022-09-08 03:29:22,1
908,47.29,45.00,2022-09-08 03:29:23,1
909,57.86,45.00,2022-09-08 03:29:25,1
910,47.33,45.00,2022-09-08 03:29:26,1
911,57.86,45.00,2022-09-08 03:29:27,1
912,57.86,45.00,2022-09-08 03:29:28,1
913,47.33,45.00,2022-09-08 03:29:29,1
914,49.96,45.00,2022-09-08 03:29:30,1
915,47.38,45.00,2022-09-08 03:29:31,1
916,47.33,45.00,2022-09-08 03:29:32,1
917,57.86,45.00,2022-09-08 03:29:34,1
918,60.44,46.00,2022-09-08 03:29:35,1
919,60.50,45.00,2022-09-08 03:29:36,1
920,47.33,45.00,2022-09-08 03:29:37,1
921,57.86,44.00,2022-09-08 03:29:38,1
922,47.33,45.00,2022-09-08 03:29:39,1
923,64.48,45.00,2022-09-08 03:29:40,1
924,47.33,45.00,2022-09-08 03:29:42,1
925,47.33,45.00,2022-09-08 03:29:43,1
926,47.33,45.00,2022-09-08 03:29:44,1
927,47.33,45.00,2022-09-08 03:29:45,1
928,47.33,45.00,2022-09-08 03:29:46,1
929,57.86,45.00,2022-09-08 03:29:47,1
930,47.33,45.00,2022-09-08 03:29:48,1
931,57.86,45.00,2022-09-08 03:29:50,1
932,47.33,44.00,2022-09-08 03:29:51,1
933,47.33,45.00,2022-09-08 03:29:52,1
934,47.33,45.00,2022-09-08 03:29:53,1
935,47.33,45.00,2022-09-08 03:29:54,1
936,47.33,45.00,2022-09-08 03:29:55,1
937,57.86,45.00,2022-09-08 03:29:56,1
938,47.33,45.00,2022-09-08 03:29:57,1
939,47.33,45.00,2022-09-08 03:29:59,1
940,60.48,45.00,2022-09-08 03:30:00,1
941,47.33,45.00,2022-09-08 03:30:01,1
942,47.33,45.00,2022-09-08 03:30:02,1
943,47.33,45.00,2022-09-08 03:30:03,1
944,47.33,45.00,2022-09-08 03:30:04,1
945,57.88,45.00,2022-09-08 03:30:06,1
946,47.33,45.00,2022-09-08 03:30:07,1
947,47.33,45.00,2022-09-08 03:30:08,1
948,61.54,47.00,2022-09-08 03:30:09,1
949,47.33,46.00,2022-09-08 03:30:10,1
950,47.33,45.00,2022-09-08 03:30:11,1
951,47.33,46.00,2022-09-08 03:30:12,1
952,57.86,45.00,2022-09-08 03:30:13,1
953,57.86,45.00,2022-09-08 03:30:15,1
954,52.59,46.00,2022-09-08 03:30:16,1
955,47.14,46.00,2022-09-08 03:30:17,1
956,47.33,45.00,2022-09-08 03:30:18,1
957,47.33,45.00,2022-09-08 03:30:19,1
958,57.86,45.00,2022-09-08 03:30:20,1
959,47.33,45.00,2022-09-08 03:30:21,1
960,71.01,45.00,2022-09-08 03:30:23,1
961,47.33,45.00,2022-09-08 03:30:24,1
962,57.86,45.00,2022-09-08 03:30:25,1
963,47.33,45.00,2022-09-08 03:30:26,1
964,47.33,45.00,2022-09-08 03:30:27,1
965,57.86,45.00,2022-09-08 03:30:28,1
966,47.33,45.00,2022-09-08 03:30:29,1
967,49.96,45.00,2022-09-08 03:30:30,1
968,47.33,45.00,2022-09-08 03:30:32,1
969,57.86,46.00,2022-09-08 03:30:33,1
970,49.96,46.00,2022-09-08 03:30:34,1
971,59.17,46.00,2022-09-08 03:30:35,1
972,57.84,46.00,2022-09-08 03:30:36,1
973,47.34,47.00,2022-09-08 03:30:37,1
974,57.86,46.00,2022-09-08 03:30:38,1
975,52.59,46.00,2022-09-08 03:30:39,1
976,57.86,45.00,2022-09-08 03:30:41,1
977,62.30,46.00,2022-09-08 03:30:42,1
978,47.33,45.00,2022-09-08 03:30:43,1
979,47.33,45.00,2022-09-08 03:30:44,1
980,47.33,46.00,2022-09-08 03:30:45,1
981,49.96,45.00,2022-09-08 03:30:46,1
982,47.33,46.00,2022-09-08 03:30:48,1
983,47.24,46.00,2022-09-08 03:30:49,1
984,57.86,46.00,2022-09-08 03:30:50,1
985,57.86,45.00,2022-09-08 03:30:51,1
986,47.33,45.00,2022-09-08 03:30:52,1
987,47.33,45.00,2022-09-08 03:30:53,1
988,47.33,46.00,2022-09-08 03:30:54,1
989,57.86,46.00,2022-09-08 03:30:55,1
990,47.33,45.00,2022-09-08 03:30:57,1
991,49.96,45.00,2022-09-08 03:30:58,1
992,60.49,45.00,2022-09-08 03:30:59,1
993,47.33,46.00,2022-09-08 03:31:00,1
994,52.59,49.00,2022-09-08 03:31:01,1
995,95.88,50.00,2022-09-08 03:31:02,1
996,60.32,48.00,2022-09-08 03:31:04,1
997,54.05,47.00,2022-09-08 03:31:05,1
998,55.41,46.00,2022-09-08 03:31:06,1
999,63.11,48.00,2022-09-08 03:31:07,1
1000,76.25,49.00,2022-09-08 03:31:08,1
1001,99.77,53.00,2022-09-08 03:31:09,1
1002,99.77,48.00,2022-09-08 03:31:10,1
1003,99.77,54.00,2022-09-08 03:31:12,1
1004,99.82,54.00,2022-09-08 03:31:13,1
1005,97.25,54.00,2022-09-08 03:31:14,1
1006,98.51,54.00,2022-09-08 03:31:16,1
1007,95.88,56.00,2022-09-08 03:31:17,1
1008,82.78,55.00,2022-09-08 03:31:18,1
1009,49.96,50.00,2022-09-08 03:31:19,1
1010,57.86,49.00,2022-09-08 03:31:20,1
1011,57.86,48.00,2022-09-08 03:31:21,1
1012,61.75,50.00,2022-09-08 03:31:22,1
1013,47.33,48.00,2022-09-08 03:31:24,1
1014,47.33,48.00,2022-09-08 03:31:25,1
1015,46.90,48.00,2022-09-08 03:31:26,1
1016,47.33,48.00,2022-09-08 03:31:27,1
1017,57.86,48.00,2022-09-08 03:31:28,1
1018,47.33,48.00,2022-09-08 03:31:29,1
1019,73.58,55.00,2022-09-08 03:31:30,1
1020,73.58,56.00,2022-09-08 03:31:31,1
1021,73.57,56.00,2022-09-08 03:31:33,1
1022,73.57,54.00,2022-09-08 03:31:34,1
1023,57.86,48.00,2022-09-08 03:31:35,1
1024,47.33,48.00,2022-09-08 03:31:36,1
1025,74.95,51.00,2022-09-08 03:31:37,1
1026,47.33,48.00,2022-09-08 03:31:38,1
1027,36.81,47.00,2022-09-08 03:31:39,1
1028,47.33,47.00,2022-09-08 03:31:40,1
1029,49.97,48.00,2022-09-08 03:31:41,1
1030,47.33,47.00,2022-09-08 03:31:43,1
1031,52.59,49.00,2022-09-08 03:31:44,1
1032,60.50,48.00,2022-09-08 03:31:45,1
1033,47.33,49.00,2022-09-08 03:31:46,1
1034,48.96,48.00,2022-09-08 03:31:47,1
1035,57.86,47.00,2022-09-08 03:31:48,1
1036,52.40,49.00,2022-09-08 03:31:50,1
1037,47.33,47.00,2022-09-08 03:31:51,1
1038,41.59,49.00,2022-09-08 03:31:52,1
1039,47.33,48.00,2022-09-08 03:31:53,1
1040,51.27,49.00,2022-09-08 03:31:54,1
1041,42.60,47.00,2022-09-08 03:31:55,1
1042,47.33,47.00,2022-09-08 03:31:56,1
1043,57.86,47.00,2022-09-08 03:31:58,1
1044,48.93,47.00,2022-09-08 03:31:59,1
1045,47.33,46.00,2022-09-08 03:32:00,1
1046,47.41,48.00,2022-09-08 03:32:01,1
1047,53.03,47.00,2022-09-08 03:32:02,1
1048,49.96,47.00,2022-09-08 03:32:03,1
1049,57.78,47.00,2022-09-08 03:32:04,1
1050,73.63,49.00,2022-09-08 03:32:06,1
1051,47.33,47.00,2022-09-08 03:32:07,1
1052,47.33,47.00,2022-09-08 03:32:08,1
1053,54.38,46.00,2022-09-08 03:32:09,1
1054,57.86,46.00,2022-09-08 03:32:10,1
1055,63.58,46.00,2022-09-08 03:32:11,1
1056,47.33,46.00,2022-09-08 03:32:12,1
1057,49.96,47.00,2022-09-08 03:32:14,1
1058,99.77,52.00,2022-09-08 03:32:15,1
1059,60.90,47.00,2022-09-08 03:32:16,1
1060,53.67,49.00,2022-09-08 03:32:17,1
1061,47.33,46.00,2022-09-08 03:32:18,1
1062,49.97,47.00,2022-09-08 03:32:19,1
1063,59.86,46.00,2022-09-08 03:32:20,1
1064,47.33,46.00,2022-09-08 03:32:22,1
1065,52.59,48.00,2022-09-08 03:32:23,1
1066,47.33,46.00,2022-09-08 03:32:24,1
1067,47.33,46.00,2022-09-08 03:32:25,1
1068,73.64,47.00,2022-09-08 03:32:26,1
1069,47.29,47.00,2022-09-08 03:32:27,1
1070,47.33,46.00,2022-09-08 03:32:29,1
1071,47.33,46.00,2022-09-08 03:32:30,1
1072,47.33,46.00,2022-09-08 03:32:31,1
1073,53.29,46.00,2022-09-08 03:32:32,1
1074,47.29,46.00,2022-09-08 03:32:33,1
1075,57.83,46.00,2022-09-08 03:32:34,1
1076,66.24,45.00,2022-09-08 03:32:35,1
1077,57.82,46.00,2022-09-08 03:32:36,1
1078,68.38,46.00,2022-09-08 03:32:38,1
1079,49.97,46.00,2022-09-08 03:32:39,1
1080,57.82,46.00,2022-09-08 03:32:40,1
1081,57.86,47.00,2022-09-08 03:32:41,1
1082,47.33,47.00,2022-09-08 03:32:42,1
1083,57.86,45.00,2022-09-08 03:32:43,1
1084,47.33,46.00,2022-09-08 03:32:44,1
1085,48.27,46.00,2022-09-08 03:32:46,1
1086,57.86,46.00,2022-09-08 03:32:47,1
1087,47.33,46.00,2022-09-08 03:32:48,1
1088,47.33,46.00,2022-09-08 03:32:49,1
1089,47.33,46.00,2022-09-08 03:32:50,1
1090,67.25,46.00,2022-09-08 03:32:51,1
1091,57.86,46.00,2022-09-08 03:32:52,1
1092,47.33,46.00,2022-09-08 03:32:54,1
1093,47.33,46.00,2022-09-08 03:32:55,1
1094,57.86,46.00,2022-09-08 03:32:56,1
1095,47.33,46.00,2022-09-08 03:32:57,1
1096,57.86,46.00,2022-09-08 03:32:58,1
1097,47.33,46.00,2022-09-08 03:32:59,1
1098,47.33,45.00,2022-09-08 03:33:00,1
1099,57.86,45.00,2022-09-08 03:33:02,1
1100,47.33,46.00,2022-09-08 03:33:03,1
1101,57.55,46.00,2022-09-08 03:33:04,1
1102,47.33,45.00,2022-09-08 03:33:05,1
1103,47.33,46.00,2022-09-08 03:33:06,1
1104,57.86,46.00,2022-09-08 03:33:07,1
1105,47.33,45.00,2022-09-08 03:33:08,1
1106,47.33,46.00,2022-09-08 03:33:09,1
1107,47.33,46.00,2022-09-08 03:33:11,1
1108,47.33,46.00,2022-09-08 03:33:12,1
1109,72.17,46.00,2022-09-08 03:33:13,1
1110,47.33,46.00,2022-09-08 03:33:14,1
1111,49.96,45.00,2022-09-08 03:33:15,1
1112,47.33,46.00,2022-09-08 03:33:16,1
1113,47.33,45.00,2022-09-08 03:33:17,1
1114,54.36,46.00,2022-09-08 03:33:18,1
1115,47.33,46.00,2022-09-08 03:33:20,1
1116,53.56,46.00,2022-09-08 03:33:21,1
1117,46.64,46.00,2022-09-08 03:33:22,1
1118,69.54,45.00,2022-09-08 03:33:23,1
1119,57.86,45.00,2022-09-08 03:33:24,1
1120,57.86,46.00,2022-09-08 03:33:26,1
1121,57.86,46.00,2022-09-08 03:33:27,1
1122,47.33,45.00,2022-09-08 03:33:28,1
1123,47.33,45.00,2022-09-08 03:33:29,1
1124,47.33,45.00,2022-09-08 03:33:30,1
1125,73.17,46.00,2022-09-08 03:33:31,1
1126,68.38,45.00,2022-09-08 03:33:32,1
1127,47.33,46.00,2022-09-08 03:33:34,1
1128,47.33,45.00,2022-09-08 03:33:35,1
1129,57.86,45.00,2022-09-08 03:33:36,1
1130,47.33,45.00,2022-09-08 03:33:37,1
1131,47.10,45.00,2022-09-08 03:33:38,1
1132,57.86,45.00,2022-09-08 03:33:39,1
1133,47.33,45.00,2022-09-08 03:33:40,1
1134,44.20,45.00,2022-09-08 03:33:41,1
1135,47.33,45.00,2022-09-08 03:33:43,1
1136,57.86,46.00,2022-09-08 03:33:44,1
1137,57.82,46.00,2022-09-08 03:33:45,1
1138,47.33,47.00,2022-09-08 03:33:46,1
1139,47.33,46.00,2022-09-08 03:33:47,1
1140,56.52,48.00,2022-09-08 03:33:48,1
1141,47.33,46.00,2022-09-08 03:33:49,1
1142,47.33,46.00,2022-09-08 03:33:50,1
1143,49.96,46.00,2022-09-08 03:33:52,1
1144,99.83,51.00,2022-09-08 03:33:53,1
1145,47.33,46.00,2022-09-08 03:33:54,1
1146,95.63,51.00,2022-09-08 03:33:55,1
1147,47.27,47.00,2022-09-08 03:33:56,1
1148,57.82,46.00,2022-09-08 03:33:57,1
1149,52.59,47.00,2022-09-08 03:33:58,1
1150,47.33,46.00,2022-09-08 03:34:00,1
1151,52.59,47.00,2022-09-08 03:34:01,1
1152,74.90,50.00,2022-09-08 03:34:02,1
1153,47.33,47.00,2022-09-08 03:34:03,1
1154,64.84,48.00,2022-09-08 03:34:04,1
1155,47.33,46.00,2022-09-08 03:34:05,1
1156,57.86,46.00,2022-09-08 03:34:06,1
1157,47.33,46.00,2022-09-08 03:34:08,1
1158,47.33,46.00,2022-09-08 03:34:09,1
1159,53.21,47.00,2022-09-08 03:34:10,1
1160,47.33,46.00,2022-09-08 03:34:11,1
1161,57.86,46.00,2022-09-08 03:34:12,1
1162,47.33,46.00,2022-09-08 03:34:13,1
1163,47.33,46.00,2022-09-08 03:34:14,1
1164,57.86,46.00,2022-09-08 03:34:15,1
1165,60.49,46.00,2022-09-08 03:34:17,1
1166,49.97,46.00,2022-09-08 03:34:18,1
1167,47.33,46.00,2022-09-08 03:34:19,1
1168,47.33,47.00,2022-09-08 03:34:20,1
1169,47.33,46.00,2022-09-08 03:34:21,1
1170,47.33,46.00,2022-09-08 03:34:22,1
1171,47.33,46.00,2022-09-08 03:34:23,1
1172,57.85,46.00,2022-09-08 03:34:25,1
1173,47.85,46.00,2022-09-08 03:34:26,1
1174,57.86,46.00,2022-09-08 03:34:27,1
1175,57.87,46.00,2022-09-08 03:34:28,1
1176,47.33,46.00,2022-09-08 03:34:29,1
1177,57.86,48.00,2022-09-08 03:34:30,1
1178,47.33,46.00,2022-09-08 03:34:31,1
1179,70.91,47.00,2022-09-08 03:34:33,1
1180,76.32,28.00,2022-09-08 09:17:53,1
1181,47.33,25.00,2022-09-08 09:17:54,1
1182,48.65,25.00,2022-09-08 09:17:55,1
1183,47.33,26.00,2022-09-08 09:17:57,1
1184,46.74,26.00,2022-09-08 09:17:58,1
1185,53.47,26.00,2022-09-08 09:18:01,1
1186,49.96,26.00,2022-09-08 09:18:02,1
1187,47.33,26.00,2022-09-08 09:18:03,1
1188,57.86,26.00,2022-09-08 09:18:06,1
1189,47.33,26.00,2022-09-08 09:18:07,1
1190,53.90,28.00,2022-09-08 09:18:09,1
1191,55.21,27.00,2022-09-08 09:18:10,1
1192,51.28,27.00,2022-09-08 09:18:11,1
1193,63.11,29.00,2022-09-08 09:18:13,1
1194,62.66,28.00,2022-09-08 09:18:14,1
1195,49.97,27.00,2022-09-08 09:18:15,1
1196,49.97,27.00,2022-09-08 09:18:16,1
1197,60.49,27.00,2022-09-08 09:18:17,1
1198,47.33,29.00,2022-09-08 09:18:18,1
1199,47.33,28.00,2022-09-08 09:18:19,1
1200,57.84,28.00,2022-09-08 09:18:21,1
1201,57.52,27.00,2022-09-08 09:18:22,1
1202,47.33,28.00,2022-09-08 09:18:23,1
1203,47.33,28.00,2022-09-08 09:18:24,1
1204,47.33,28.00,2022-09-08 09:18:25,1
1205,57.86,28.00,2022-09-08 09:18:26,1
1206,57.86,28.00,2022-09-08 09:18:28,1
1207,47.33,28.00,2022-09-08 09:18:29,1
1208,43.03,28.00,2022-09-08 09:18:30,1
1209,47.33,28.00,2022-09-08 09:18:31,1
1210,57.86,28.00,2022-09-08 09:18:32,1
1211,57.86,28.00,2022-09-08 09:18:33,1
1212,57.86,28.00,2022-09-08 09:18:34,1
1213,57.86,28.00,2022-09-08 09:18:36,1
1214,47.33,28.00,2022-09-08 09:18:37,1
1215,47.31,29.00,2022-09-08 09:18:38,1
1216,57.86,29.00,2022-09-08 09:18:39,1
1217,47.34,29.00,2022-09-08 09:18:40,1
1218,49.96,29.00,2022-09-08 09:18:41,1
1219,69.78,29.00,2022-09-08 09:18:43,1
1220,48.65,29.00,2022-09-08 09:18:44,1
1221,47.33,29.00,2022-09-08 09:18:45,1
1222,57.86,29.00,2022-09-08 09:18:46,1
1223,47.33,29.00,2022-09-08 09:18:47,1
1224,57.86,29.00,2022-09-08 09:18:48,1
1225,47.33,29.00,2022-09-08 09:18:49,1
1226,57.86,29.00,2022-09-08 09:18:50,1
1227,49.96,29.00,2022-09-08 09:18:52,1
1228,68.63,30.00,2022-09-08 09:18:53,1
1229,49.96,31.00,2022-09-08 09:18:54,1
1230,47.33,30.00,2022-09-08 09:18:55,1
1231,63.08,30.00,2022-09-08 09:18:56,1
1232,46.32,30.00,2022-09-08 09:18:57,1
1233,47.33,29.00,2022-09-08 09:18:58,1
1234,62.93,30.00,2022-09-08 09:19:00,1
1235,47.33,30.00,2022-09-08 09:19:01,1
1236,49.96,30.00,2022-09-08 09:19:02,1
1237,47.33,30.00,2022-09-08 09:19:03,1
1238,47.33,30.00,2022-09-08 09:19:04,1
1239,47.33,30.00,2022-09-08 09:19:05,1
1240,47.33,30.00,2022-09-08 09:19:06,1
1241,57.86,30.00,2022-09-08 09:19:08,1
1242,47.33,30.00,2022-09-08 09:19:09,1
1243,57.86,30.00,2022-09-08 09:19:10,1
1244,47.33,30.00,2022-09-08 09:19:11,1
1245,57.86,30.00,2022-09-08 09:19:12,1
1246,47.29,31.00,2022-09-08 09:19:13,1
1247,47.33,31.00,2022-09-08 09:19:14,1
1248,47.33,31.00,2022-09-08 09:19:16,1
1249,47.33,31.00,2022-09-08 09:19:17,1
1250,57.86,30.00,2022-09-08 09:19:18,1
1251,47.33,31.00,2022-09-08 09:19:19,1
1252,47.33,31.00,2022-09-08 09:19:20,1
1253,57.86,31.00,2022-09-08 09:19:21,1
1254,49.96,32.00,2022-09-08 09:19:22,1
1255,49.87,32.00,2022-09-08 09:19:23,1
1256,47.28,32.00,2022-09-08 09:19:25,1
1257,60.30,32.00,2022-09-08 09:19:26,1
1258,47.33,32.00,2022-09-08 09:19:27,1
1259,53.49,33.00,2022-09-08 09:19:28,1
1260,47.33,32.00,2022-09-08 09:19:29,1
1261,41.69,33.00,2022-09-08 09:19:30,1
1262,76.14,34.00,2022-09-08 09:19:31,1
1263,66.47,34.00,2022-09-08 09:19:33,1
1264,77.11,34.00,2022-09-08 09:19:34,1
1265,59.16,34.00,2022-09-08 09:19:35,1
1266,98.51,39.00,2022-09-08 09:19:36,1
1267,57.82,34.00,2022-09-08 09:19:37,1
1268,49.86,33.00,2022-09-08 09:19:38,1
1269,68.68,34.00,2022-09-08 09:19:39,1
1270,47.21,34.00,2022-09-08 09:19:41,1
1271,99.83,39.00,2022-09-08 09:19:42,1
1272,99.89,40.00,2022-09-08 09:19:43,1
1273,89.30,40.00,2022-09-08 09:19:44,1
1274,81.46,41.00,2022-09-08 09:19:46,1
1275,86.42,40.00,2022-09-08 09:19:47,1
1276,95.94,41.00,2022-09-08 09:19:48,1
1277,49.96,37.00,2022-09-08 09:19:49,1
1278,62.32,37.00,2022-09-08 09:19:50,1
1279,72.39,37.00,2022-09-08 09:19:51,1
1280,78.32,39.00,2022-09-08 09:19:53,1
1281,71.29,38.00,2022-09-08 09:19:54,1
1282,78.84,39.00,2022-09-08 09:19:55,1
1283,61.42,37.00,2022-09-08 09:19:56,1
1284,52.59,37.00,2022-09-08 09:19:57,1
1285,81.46,41.00,2022-09-08 09:19:58,1
1286,49.95,38.00,2022-09-08 09:19:59,1
1287,49.96,38.00,2022-09-08 09:20:01,1
1288,47.25,38.00,2022-09-08 09:20:02,1
1289,66.88,39.00,2022-09-08 09:20:03,1
1290,42.96,38.00,2022-09-08 09:20:04,1
1291,57.90,38.00,2022-09-08 09:20:05,1
1292,39.36,38.00,2022-09-08 09:20:06,1
1293,45.52,39.00,2022-09-08 09:20:07,1
1294,65.65,39.00,2022-09-08 09:20:09,1
1295,99.77,42.00,2022-09-08 09:20:10,1
1296,99.89,44.00,2022-09-08 09:20:11,1
1297,99.80,43.00,2022-09-08 09:20:13,1
1298,63.11,42.00,2022-09-08 09:20:14,1
1299,71.46,41.00,2022-09-08 09:20:15,1
1300,56.53,40.00,2022-09-08 09:20:16,1
1301,53.90,40.00,2022-09-08 09:20:17,1
1302,69.28,40.00,2022-09-08 09:20:18,1
1303,76.52,41.00,2022-09-08 09:20:20,1
1304,37.03,39.00,2022-09-08 09:20:21,1
1305,42.05,40.00,2022-09-08 09:20:22,1
1306,49.91,39.00,2022-09-08 09:20:23,1
1307,57.70,40.00,2022-09-08 09:20:25,1
1308,38.12,40.00,2022-09-08 09:20:26,1
1309,49.95,40.00,2022-09-08 09:20:27,1
1310,47.25,40.00,2022-09-08 09:20:28,1
1311,47.33,40.00,2022-09-08 09:20:29,1
1312,49.91,40.00,2022-09-08 09:20:30,1
1313,51.09,41.00,2022-09-08 09:20:31,1
1314,56.21,40.00,2022-09-08 09:20:32,1
1315,47.33,41.00,2022-09-08 09:20:34,1
1316,47.29,40.00,2022-09-08 09:20:35,1
1317,49.97,40.00,2022-09-08 09:20:36,1
1318,59.72,42.00,2022-09-08 09:20:37,1
1319,36.80,40.00,2022-09-08 09:20:38,1
1320,42.21,41.00,2022-09-08 09:20:39,1
1321,49.95,40.00,2022-09-08 09:20:40,1
1322,47.30,40.00,2022-09-08 09:20:42,1
1323,44.99,41.00,2022-09-08 09:20:43,1
1324,49.77,42.00,2022-09-08 09:20:44,1
1325,65.56,42.00,2022-09-08 09:20:45,1
1326,57.80,41.00,2022-09-08 09:20:46,1
1327,76.89,43.00,2022-09-08 09:20:47,1
1328,85.42,44.00,2022-09-08 09:20:48,1
1329,83.10,43.00,2022-09-08 09:20:50,1
1330,47.95,41.00,2022-09-08 09:20:51,1
1331,89.78,44.00,2022-09-08 09:20:52,1
1332,59.04,43.00,2022-09-08 09:20:53,1
1333,79.11,42.00,2022-09-08 09:20:54,1
